{"cameraMode":{"drawMode":0,"name":"Shaded","section":"Shading Mode"},"sceneLighting":true,"audioPlay":false,"sceneViewState":{"showFog":true,"showMaterialUpdate":false,"showSkybox":true,"showFlares":true,"showImageEffects":true,"showParticleSystems":true,"showVisualEffectGraphs":true,"m_FxEnabled":true},"in2DMode":false,"pivot":{"x":1.6179752349853516,"y":-0.7461919784545898,"z":-2.565089702606201},"rotation":{"x":-0.2798154950141907,"y":0.036564651876688007,"z":-0.010667942464351654,"w":-0.9593128561973572},"size":12.166569709777832,"orthographic":false}